Student_ID,Extracurricular_Hours_Per_Day,Sleep_Hours_Per_Day,Stress_Level,social_ind,Stress_ind
1,3.8,38,2,1,1
2,3.5,31,1,1,1
3,3.9,5,1,1,1
4,2.1,23,2,1,1
5,0.6,16,0,1,1
6,2.1,31,2,1,1
7,0.7,4,0,1,1
8,1.8,5,0,1,1
9,3.6,14,1,1,1
10,0.7,49,2,1,1
11,3.6,31,0,1,1
12,1.1,42,2,1,1
13,2.2,8,0,1,1
14,3.3,36,1,1,1
15,0.3,19,0,1,1
16,0.3,17,2,1,1
17,2.6,5,0,1,1
18,2.2,40,0,1,1
19,1.7,2,0,1,1
20,2.0,46,2,1,1
21,3.0,12,2,1,1
22,3.2,33,0,1,1
23,0.7,46,0,1,1
24,1.7,5,2,1,1
25,2.0,22,1,1,1
26,1.3,27,0,1,1
27,3.9,49,2,1,1
28,0.1,31,2,1,1
29,1.1,46,1,1,1
30,1.0,35,0,1,1
31,2.9,19,2,1,1
32,3.3,17,1,1,1
33,2.4,35,1,1,1
34,0.7,36,0,1,1
35,0.6,18,0,1,1
36,2.2,27,0,1,1
37,3.6,5,1,1,1
38,3.6,45,0,1,1
39,0.3,9,0,1,1
40,0.6,28,1,1,1
41,0.9,37,0,1,1
42,3.4,34,0,1,1
43,1.5,14,1,1,1
44,2.5,41,0,1,1
45,2.0,11,2,1,1
46,3.8,47,0,1,1
47,3.7,22,1,1,1
48,1.3,9,0,1,1
49,2.8,30,0,1,1
50,3.0,36,0,1,1
51,1.2,41,2,1,1
52,2.6,36,0,1,1
53,1.4,20,0,1,1
54,2.2,15,2,1,1
55,0.1,42,1,1,1
56,0.9,32,0,1,1
57,2.1,28,1,1,1
58,1.1,23,0,1,1
59,3.9,43,1,1,1
60,1.0,28,1,1,1
61,1.1,49,0,1,1
62,1.0,19,2,1,1
63,0.5,3,0,1,1
64,0.4,26,2,1,1
65,1.7,21,1,1,1
66,2.5,26,2,1,1
67,0.7,5,0,1,1
68,2.3,20,0,1,1
69,2.2,48,2,1,1
70,1.3,43,1,1,1
71,1.1,7,0,1,1
72,3.2,15,0,1,1
73,3.2,0,0,1,1
74,3.7,44,2,1,1
75,3.0,6,0,1,1
76,3.6,20,2,1,1
77,0.4,17,0,1,1
78,1.8,16,0,1,1
79,3.0,41,0,1,1
80,2.2,23,1,1,1
81,0.5,8,0,1,1
82,2.8,5,0,1,1
83,0.3,5,0,1,1
84,3.8,50,0,1,1
85,0.3,40,2,1,1
86,2.0,2,0,1,1
87,0.5,7,0,1,1
88,1.5,15,0,1,1
89,3.9,2,0,1,1
90,2.2,49,1,1,1
91,2.8,24,0,1,1
92,1.1,49,1,1,1
93,2.5,15,2,1,1
94,0.3,50,2,1,1
95,2.1,16,0,1,1
96,3.3,48,0,1,1
97,1.7,48,0,1,1
98,0.6,31,0,1,1
99,3.4,43,0,1,1
100,3.5,42,1,1,1
101,2.2,39,0,1,1
102,0.5,49,2,1,1
103,2.7,32,2,1,1
104,3.1,27,2,1,1
105,2.2,45,2,1,1
106,0.9,8,0,1,1
107,2.4,21,2,1,1
108,3.1,21,2,1,1
109,3.8,8,0,1,1
110,3.9,26,2,1,1
111,1.0,5,0,1,1
112,1.4,46,1,1,1
113,0.7,11,0,1,1
114,0.4,7,0,1,1
115,1.5,26,2,1,1
116,3.7,4,0,1,1
117,3.0,10,0,1,1
118,1.5,5,0,1,1
119,1.0,37,1,1,1
120,1.8,28,1,1,1
121,1.5,2,0,1,1
122,3.6,31,1,1,1
123,2.0,5,0,1,1
124,0.5,15,2,1,1
125,2.3,19,0,1,1
126,0.6,13,1,1,1
127,1.1,10,0,1,1
128,3.9,7,0,1,1
129,3.5,42,0,1,1
130,2.2,30,0,1,1
131,0.7,17,0,1,1
132,2.4,15,1,1,1
133,1.9,28,1,1,1
134,4.0,17,1,1,1
135,2.7,39,2,1,1
136,3.7,43,2,1,1
137,2.9,48,1,1,1
138,3.4,8,0,1,1
139,0.7,9,0,1,1
140,3.5,21,2,1,1
141,1.5,24,2,1,1
142,3.6,20,2,1,1
143,2.5,7,0,1,1
144,3.2,32,1,1,1
145,3.2,9,0,1,1
146,2.3,39,1,1,1
147,3.3,7,0,1,1
148,0.6,12,0,1,1
149,2.6,36,0,1,1
150,3.6,30,1,1,1
151,3.8,9,0,1,1
152,3.5,48,1,1,1
153,3.7,36,0,1,1
154,2.9,48,2,1,1
155,0.5,50,2,1,1
156,1.6,4,0,1,1
157,0.0,18,0,1,1
158,1.4,38,2,1,1
159,1.8,8,0,1,1
160,1.4,30,0,1,1
161,2.7,10,0,1,1
162,4.0,26,1,1,1
163,3.0,11,1,1,1
164,1.9,29,1,1,1
165,1.8,27,0,1,1
166,0.7,44,1,1,1
167,1.1,33,2,1,1
168,0.9,13,1,1,1
169,0.4,41,1,1,1
170,1.0,37,1,1,1
171,1.6,34,0,1,1
172,0.3,11,1,1,1
173,2.3,22,1,1,1
174,1.5,31,2,1,1
175,1.6,29,0,1,1
176,0.6,44,0,1,1
177,3.2,22,0,1,1
178,1.0,8,0,1,1
179,2.1,10,0,1,1
180,2.2,34,2,1,1
181,0.0,8,0,1,1
182,2.7,10,0,1,1
183,1.5,27,2,1,1
184,2.4,13,1,1,1
185,1.4,37,2,1,1
186,3.7,38,0,1,1
187,1.0,31,1,1,1
188,3.1,6,0,1,1
189,2.0,35,0,1,1
190,2.8,15,0,1,1
191,0.4,47,2,1,1
192,2.2,45,1,1,1
193,2.6,36,0,1,1
194,4.0,48,2,1,1
195,3.7,10,0,1,1
196,3.9,48,0,1,1
197,3.4,17,0,1,1
198,0.5,5,0,1,1
199,2.9,4,0,1,1
200,2.5,45,2,1,1
201,0.1,45,2,1,1
202,3.2,0,0,1,1
203,1.6,25,0,1,1
204,3.0,13,2,1,1
205,1.1,16,2,1,1
206,2.7,12,2,1,1
207,0.4,22,0,1,1
208,0.7,0,0,1,1
209,2.6,31,0,1,1
210,0.7,40,2,1,1
211,3.9,45,1,1,1
212,0.6,42,0,1,1
213,2.1,31,2,1,1
214,3.8,44,0,1,1
215,2.2,5,0,1,1
216,2.0,5,0,1,1
217,0.3,44,0,1,1
218,1.4,35,0,1,1
219,3.5,41,2,1,1
220,2.7,32,0,1,1
221,3.5,5,1,1,1
222,3.0,9,0,1,1
223,2.0,1,0,1,1
224,1.0,33,0,1,1
225,0.4,39,0,1,1
226,3.7,6,0,1,1
227,0.3,16,0,1,1
228,2.5,3,0,1,1
229,3.9,38,0,1,1
230,1.8,15,0,1,1
231,1.8,9,0,1,1
232,2.7,34,1,1,1
233,0.6,23,0,1,1
234,1.1,50,2,1,1
235,0.9,12,0,1,1
236,1.9,49,0,1,1
237,3.1,40,0,1,1
238,0.1,47,1,1,1
239,1.9,7,0,1,1
240,2.0,4,0,1,1
241,3.2,17,2,1,1
242,1.2,36,2,1,1
243,0.2,25,0,1,1
244,2.8,29,0,1,1
245,2.1,5,0,1,1
246,2.8,41,2,1,1
247,0.4,33,1,1,1
248,3.5,37,0,1,1
249,3.3,5,0,1,1
250,2.6,27,2,1,1
251,0.2,13,1,1,1
252,1.3,10,0,1,1
253,2.0,29,0,1,1
254,2.7,5,0,1,1
255,1.9,44,2,1,1
256,1.5,50,2,1,1
257,2.3,23,0,1,1
258,1.7,15,0,1,1
259,0.8,32,0,1,1
260,3.6,10,0,1,1
261,0.7,44,0,1,1
262,2.1,19,2,1,1
263,1.6,49,1,1,1
264,0.5,49,0,1,1
265,0.3,9,0,1,1
266,1.0,32,2,1,1
267,0.7,3,0,1,1
268,3.2,30,0,1,1
269,0.4,14,2,1,1
270,0.5,24,1,1,1
271,2.0,3,0,1,1
272,2.1,25,2,1,1
273,0.1,16,1,1,1
274,0.4,35,0,1,1
275,0.7,36,0,1,1
276,2.5,44,2,1,1
277,3.7,35,1,1,1
278,2.6,6,0,1,1
279,0.2,50,0,1,1
280,3.0,45,2,1,1
281,2.7,41,2,1,1
282,0.5,28,0,1,1
283,1.5,21,2,1,1
284,1.5,12,2,1,1
285,2.7,32,2,1,1
286,1.9,2,0,1,1
287,1.6,30,2,1,1
288,2.9,49,0,1,1
289,0.0,33,2,1,1
290,3.7,19,1,1,1
291,1.0,15,2,1,1
292,2.4,37,2,1,1
293,0.5,10,0,1,1
294,0.4,29,0,1,1
295,1.9,41,0,1,1
296,2.4,42,0,1,1
297,0.8,32,2,1,1
298,1.1,42,0,1,1
299,0.4,32,0,1,1
300,3.5,12,0,1,1
301,2.6,31,1,1,1
302,2.0,50,2,1,1
303,1.6,22,0,1,1
304,0.3,5,0,1,1
305,1.3,12,2,1,1
306,3.2,13,1,1,1
307,2.6,28,0,1,1
308,2.6,29,0,1,1
309,0.2,29,2,1,1
310,2.1,6,0,1,1
311,1.4,34,0,1,1
312,3.7,28,0,1,1
313,2.5,5,0,1,1
314,2.8,3,0,1,1
315,1.4,5,0,1,1
316,1.8,31,2,1,1
317,2.0,0,0,1,1
318,3.5,44,2,1,1
319,1.2,5,0,1,1
320,3.9,33,2,1,1
321,3.4,47,1,1,1
322,2.0,21,1,1,1
323,0.3,2,0,1,1
324,1.7,17,0,1,1
325,0.4,33,2,1,1
326,0.2,40,1,1,1
327,4.0,4,0,1,1
328,0.2,26,0,1,1
329,2.5,16,0,1,1
330,3.5,23,1,1,1
331,1.7,42,2,1,1
332,1.0,39,1,1,1
333,0.9,2,0,1,1
334,2.2,24,1,1,1
335,2.0,9,0,1,1
336,1.6,24,2,1,1
337,3.8,40,0,1,1
338,3.4,3,0,1,1
339,2.5,34,2,1,1
340,2.1,9,0,1,1
341,2.7,3,0,1,1
342,0.0,49,1,1,1
343,1.2,18,2,1,1
344,0.4,34,1,1,1
345,0.1,5,0,1,1
346,1.5,11,0,1,1
347,3.1,33,0,1,1
348,2.4,30,0,1,1
349,2.6,7,0,1,1
350,2.5,48,2,1,1
351,0.8,45,1,1,1
352,3.4,47,0,1,1
353,1.8,43,0,1,1
354,2.2,50,1,1,1
355,0.7,8,0,1,1
356,3.4,38,2,1,1
357,2.0,16,2,1,1
358,3.0,9,0,1,1
359,1.0,37,1,1,1
360,0.8,29,0,1,1
361,0.8,19,0,1,1
362,0.1,38,0,1,1
363,1.5,17,0,1,1
364,1.5,23,0,1,1
365,2.4,21,0,1,1
366,0.4,30,0,1,1
367,0.3,30,0,1,1
368,3.2,14,0,1,1
369,0.3,4,0,1,1
370,2.1,23,0,1,1
371,1.7,5,0,1,1
372,3.7,33,0,1,1
373,3.1,7,0,1,1
374,2.4,10,0,1,1
375,0.1,2,0,1,1
376,3.8,14,2,1,1
377,3.4,10,0,1,1
378,0.3,37,1,1,1
379,2.9,39,2,1,1
380,2.6,49,0,1,1
381,1.1,14,1,1,1
382,3.0,23,2,1,1
383,2.0,3,0,1,1
384,3.6,2,0,1,1
385,2.2,48,0,1,1
386,3.9,14,0,1,1
387,2.3,24,2,1,1
388,0.6,12,1,1,1
389,2.2,27,0,1,1
390,2.8,28,1,1,1
391,1.9,9,0,1,1
392,1.6,34,2,1,1
393,2.1,41,1,1,1
394,1.3,39,1,1,1
395,3.5,45,2,1,1
396,3.1,2,0,1,1
397,3.6,28,2,1,1
398,1.5,40,0,1,1
399,2.1,15,2,1,1
400,1.6,47,0,1,1
401,2.8,41,1,1,1
402,3.6,34,1,1,1
403,2.5,5,0,1,1
404,1.7,50,0,1,1
405,0.7,45,0,1,1
406,3.6,5,0,1,1
407,3.4,42,1,1,1
408,3.3,24,2,1,1
409,3.3,18,2,1,1
410,1.0,8,0,1,1
411,3.0,34,2,1,1
412,3.9,33,2,1,1
413,1.3,35,0,1,1
414,3.3,15,2,1,1
415,2.1,16,0,1,1
416,3.1,40,0,1,1
417,3.6,35,2,1,1
418,3.5,28,2,1,1
419,0.4,22,0,1,1
420,3.4,16,2,1,1
421,3.2,2,0,1,1
422,1.1,45,0,1,1
423,2.2,6,0,1,1
424,2.4,16,2,1,1
425,0.2,46,0,1,1
426,0.7,5,0,1,1
427,0.1,30,0,1,1
428,3.3,31,1,1,1
429,3.6,34,1,1,1
430,1.7,17,2,1,1
431,2.4,46,0,1,1
432,2.8,13,2,1,1
433,1.5,25,1,1,1
434,2.0,33,0,1,1
435,1.4,25,2,1,1
436,1.3,25,0,1,1
437,1.1,11,0,1,1
438,2.3,27,0,1,1
439,1.6,5,0,1,1
440,3.5,26,2,1,1
441,0.5,15,0,1,1
442,2.9,31,0,1,1
443,3.8,42,0,1,1
444,0.2,31,2,1,1
445,1.5,24,1,1,1
446,0.3,5,0,1,1
447,2.7,35,0,1,1
448,3.7,32,0,1,1
449,0.5,46,0,1,1
450,1.7,16,1,1,1
451,0.2,7,0,1,1
452,3.4,36,0,1,1
453,1.1,16,0,1,1
454,3.4,47,0,1,1
455,2.3,20,2,1,1
456,0.7,23,2,1,1
457,1.4,9,0,1,1
458,0.3,21,2,1,1
459,2.4,19,0,1,1
460,0.6,25,0,1,1
461,3.9,20,2,1,1
462,0.1,39,1,1,1
463,3.6,7,0,1,1
464,3.3,50,2,1,1
465,1.6,20,0,1,1
466,2.2,39,2,1,1
467,1.2,14,2,1,1
468,3.9,29,2,1,1
469,0.6,23,2,1,1
470,3.5,32,0,1,1
471,0.8,21,0,1,1
472,3.9,46,2,1,1
473,3.5,8,0,1,1
474,3.5,48,2,1,1
475,3.9,25,2,1,1
476,0.8,39,2,1,1
477,2.0,30,2,1,1
478,3.1,30,0,1,1
479,0.4,44,2,1,1
480,3.7,2,0,1,1
481,2.9,36,0,1,1
482,1.1,12,0,1,1
483,4.0,35,1,1,1
484,0.6,39,0,1,1
485,3.1,43,0,1,1
486,1.6,21,1,1,1
487,0.4,41,2,1,1
488,2.0,41,1,1,1
489,0.3,21,1,1,1
490,3.7,21,0,1,1
491,1.9,12,2,1,1
492,2.6,7,0,1,1
493,1.8,30,2,1,1
494,2.9,42,2,1,1
495,2.1,8,0,1,1
496,0.5,32,2,1,1
497,1.3,1,0,1,1
498,0.0,13,0,1,1
499,0.4,19,2,1,1
500,3.6,23,0,1,1
501,3.9,5,0,1,1
502,2.8,1,0,1,1
503,2.7,49,0,1,1
504,0.4,40,2,1,1
505,1.4,49,1,1,1
506,1.5,19,2,1,1
507,1.7,42,0,1,1
508,3.5,12,2,1,1
509,1.2,8,0,1,1
510,1.6,37,0,1,1
511,1.1,19,0,1,1
512,3.3,2,0,1,1
513,0.1,7,0,1,1
514,2.4,1,0,1,1
515,2.1,35,0,1,1
516,3.9,7,0,1,1
517,3.2,7,0,1,1
518,1.5,1,0,1,1
519,3.9,43,0,1,1
520,1.8,21,0,1,1
521,0.9,13,1,1,1
522,3.8,48,1,1,1
523,2.2,49,0,1,1
524,0.6,32,2,1,1
525,0.6,5,2,1,1
526,1.4,5,2,1,1
527,3.6,5,2,1,1
528,3.8,5,1,1,1
529,2.7,5,0,1,1
530,1.7,5,0,1,1
531,0.8,5,0,1,1
532,0.8,5,0,1,1
533,3.9,5,0,1,1
534,2.5,5,1,1,1
535,3.6,5,0,1,1
536,0.6,5,0,1,1
537,2.6,5,2,1,1
538,0.0,5,0,1,1
539,0.9,5,0,1,1
540,0.4,5,0,1,1
541,2.6,5,0,1,1
542,0.2,5,0,1,1
543,3.0,5,2,1,1
544,1.0,5,0,1,1
545,1.0,5,0,1,1
546,0.2,5,0,1,1
547,1.1,5,0,1,1
548,3.0,5,2,1,1
549,3.8,5,0,1,1
550,0.8,5,2,1,1
551,3.4,5,2,1,1
552,3.3,5,0,1,1
553,2.6,5,0,1,1
554,0.2,5,0,1,1
555,1.7,5,1,1,1
556,0.0,5,2,1,1
557,2.7,5,2,1,1
558,2.9,5,2,1,1
559,3.6,5,2,1,1
560,2.6,5,0,1,1
561,0.7,5,0,1,1
562,2.9,5,2,1,1
563,2.0,5,2,1,1
564,1.8,5,0,1,1
565,3.4,5,0,1,1
566,3.9,5,2,1,1
567,2.2,5,0,1,1
568,2.9,5,0,1,1
569,0.0,5,0,1,1
570,3.3,5,0,1,1
571,2.0,5,1,1,1
572,1.6,5,0,1,1
573,1.2,5,1,1,1
574,2.5,5,2,1,1
575,0.0,5,0,1,1
576,1.4,5,2,1,1
577,1.6,5,0,1,1
578,1.3,5,0,1,1
579,2.6,5,0,1,1
580,0.4,5,0,1,1
581,3.9,5,0,1,1
582,2.8,5,0,1,1
583,1.1,5,2,1,1
584,3.9,5,0,1,1
585,3.8,5,1,1,1
586,1.1,5,0,1,1
587,2.7,5,2,1,1
588,3.5,5,2,1,1
589,3.8,5,1,1,1
590,2.7,5,0,1,1
591,1.0,5,2,1,1
592,2.7,5,1,1,1
593,1.7,5,0,1,1
594,1.7,5,2,1,1
595,2.5,5,2,1,1
596,3.5,5,2,1,1
597,0.9,5,2,1,1
598,2.4,5,0,1,1
599,3.4,5,0,1,1
600,2.5,5,2,1,1
601,0.3,5,2,1,1
602,1.5,5,2,1,1
603,1.8,5,0,1,1
604,2.6,5,2,1,1
605,1.2,5,0,1,1
606,2.0,5,1,1,1
607,1.6,5,0,1,1
608,0.7,5,1,1,1
609,2.7,5,0,1,1
610,2.1,5,2,1,1
611,3.2,5,0,1,1
612,2.0,5,2,1,1
613,1.6,5,1,1,1
614,3.4,5,0,1,1
615,2.4,5,0,1,1
616,0.5,5,0,1,1
617,2.9,5,0,1,1
618,0.9,5,1,1,1
619,0.2,5,2,1,1
620,1.7,5,2,1,1
621,0.7,5,0,1,1
622,0.5,5,2,1,1
623,0.6,5,2,1,1
624,2.0,5,2,1,1
625,0.3,5,0,1,1
626,0.0,5,2,1,1
627,3.3,5,0,1,1
628,0.7,5,2,1,1
629,0.3,5,2,1,1
630,3.5,5,1,1,1
631,0.3,5,0,1,1
632,4.0,5,2,1,1
633,1.4,5,2,1,1
634,2.6,5,0,1,1
635,2.6,5,2,1,1
636,0.3,5,2,1,1
637,3.0,5,0,1,1
638,3.0,5,0,1,1
639,3.0,5,0,1,1
640,2.3,5,0,1,1
641,2.9,5,2,1,1
642,1.7,5,2,1,1
643,0.3,5,1,1,1
644,1.1,5,0,1,1
645,2.5,5,0,1,1
646,2.4,5,2,1,1
647,3.1,5,0,1,1
648,1.7,5,0,1,1
649,3.5,5,1,1,1
650,3.6,5,2,1,1
651,4.0,5,0,1,1
652,0.4,5,1,1,1
653,3.2,5,0,1,1
654,1.4,5,1,1,1
655,2.6,5,2,1,1
656,0.2,5,0,1,1
657,2.5,5,2,1,1
658,1.8,5,0,1,1
659,2.4,5,2,1,1
660,4.0,5,2,1,1
661,2.9,5,0,1,1
662,1.5,5,0,1,1
663,2.8,5,2,1,1
664,2.4,5,0,1,1
665,2.7,5,2,1,1
666,3.2,5,0,1,1
667,1.6,5,0,1,1
668,2.4,5,2,1,1
669,1.7,5,0,1,1
670,3.5,5,0,1,1
671,3.2,5,2,1,1
672,1.9,5,0,1,1
673,0.3,5,2,1,1
674,0.8,5,1,1,1
675,0.4,5,0,1,1
676,3.2,5,2,1,1
677,0.5,5,2,1,1
678,3.2,5,0,1,1
679,0.6,5,0,1,1
680,0.5,5,0,1,1
681,2.5,5,1,1,1
682,3.3,5,0,1,1
683,2.9,5,2,1,1
684,2.2,5,2,1,1
685,1.5,5,0,1,1
686,3.4,5,2,1,1
687,1.3,5,2,1,1
688,0.7,5,0,1,1
689,2.6,5,2,1,1
690,2.3,5,0,1,1
691,0.7,5,2,1,1
692,3.2,5,2,1,1
693,3.4,5,2,1,1
694,3.5,5,2,1,1
695,3.5,5,1,1,1
696,1.4,5,0,1,1
697,0.2,5,0,1,1
698,1.9,5,2,1,1
699,1.7,5,2,1,1
700,0.7,5,0,1,1
701,2.0,5,2,1,1
702,0.1,5,1,1,1
703,0.6,5,0,1,1
704,1.1,5,0,1,1
705,1.6,5,0,1,1
706,2.3,5,0,1,1
707,0.1,5,1,1,1
708,0.1,5,2,1,1
709,1.1,5,0,1,1
710,3.5,5,0,1,1
711,3.9,5,0,1,1
712,1.2,5,0,1,1
713,1.0,5,2,1,1
714,0.4,5,0,1,1
715,3.9,5,1,1,1
716,3.0,5,0,1,1
717,3.3,5,0,1,1
718,3.5,5,2,1,1
719,2.8,5,2,1,1
720,3.3,5,0,1,1
721,1.2,5,2,1,1
722,0.5,5,1,1,1
723,2.9,5,2,1,1
724,3.6,5,0,1,1
725,3.3,5,1,1,1
726,3.9,5,1,1,1
727,3.0,5,0,1,1
728,2.3,5,1,1,1
729,3.9,5,0,1,1
730,0.2,5,1,1,1
731,2.5,5,2,1,1
732,1.9,5,0,1,1
733,1.3,5,0,1,1
734,0.9,5,0,1,1
735,1.5,5,0,1,1
736,0.1,5,2,1,1
737,2.6,5,1,1,1
738,0.5,5,2,1,1
739,0.3,5,0,1,1
740,2.4,5,0,1,1
741,1.4,5,1,1,1
742,0.7,5,0,1,1
743,1.7,5,0,1,1
744,2.9,5,2,1,1
745,3.7,5,0,1,1
746,2.1,5,0,1,1
747,3.3,5,0,1,1
748,1.5,5,2,1,1
749,1.9,5,0,1,1
750,1.1,5,0,1,1
751,1.6,5,0,1,1
752,1.6,5,0,1,1
753,0.1,5,0,1,1
754,0.7,5,0,1,1
755,2.2,5,2,1,1
756,3.6,5,0,1,1
757,0.1,5,1,1,1
758,3.3,5,1,1,1
759,3.5,5,2,1,1
760,2.3,5,0,1,1
761,0.2,5,2,1,1
762,2.8,5,2,1,1
763,2.2,5,0,1,1
764,0.9,5,2,1,1
765,1.8,5,1,1,1
766,1.6,5,2,1,1
767,3.2,5,2,1,1
768,1.6,5,2,1,1
769,1.6,5,1,1,1
770,3.6,5,0,1,1
771,1.0,5,2,1,1
772,0.6,5,2,1,1
773,1.1,5,0,1,1
774,1.2,5,0,1,1
775,1.7,5,2,1,1
776,2.8,5,0,1,1
777,0.1,5,0,1,1
778,1.0,5,0,1,1
779,3.9,5,1,1,1
780,2.4,5,2,1,1
781,1.1,5,2,1,1
782,3.0,5,0,1,1
783,2.4,5,1,1,1
784,3.7,5,2,1,1
785,0.3,5,1,1,1
786,0.7,5,2,1,1
787,0.2,5,0,1,1
788,0.4,5,1,1,1
789,1.6,5,0,1,1
790,3.6,5,0,1,1
791,3.8,5,0,1,1
792,2.5,5,0,1,1
793,1.3,5,0,1,1
794,3.3,5,1,1,1
795,1.6,5,1,1,1
796,0.1,5,2,1,1
797,2.3,5,0,1,1
798,1.6,5,2,1,1
799,0.4,5,0,1,1
800,4.0,5,0,1,1
801,1.2,5,2,1,1
802,2.5,5,0,1,1
803,2.8,5,0,1,1
804,0.7,5,0,1,1
805,2.5,5,2,1,1
806,2.2,5,0,1,1
807,2.3,5,1,1,1
808,2.0,5,1,1,1
809,2.5,5,2,1,1
810,2.6,5,2,1,1
811,2.2,5,0,1,1
812,1.6,5,0,1,1
813,3.7,5,2,1,1
814,0.2,5,2,1,1
815,2.6,5,1,1,1
816,3.5,5,1,1,1
817,1.8,5,0,1,1
818,1.9,5,1,1,1
819,1.4,5,0,1,1
820,0.2,5,2,1,1
821,2.3,5,0,1,1
822,3.6,5,2,1,1
823,0.6,5,1,1,1
824,0.3,5,0,1,1
825,3.1,5,0,1,1
826,3.7,5,2,1,1
827,3.8,5,0,1,1
828,2.6,5,2,1,1
829,3.6,5,2,1,1
830,3.3,5,0,1,1
831,2.2,5,0,1,1
832,3.8,5,2,1,1
833,2.5,5,2,1,1
834,2.1,5,0,1,1
835,1.8,5,0,1,1
836,1.6,5,1,1,1
837,3.4,5,0,1,1
838,2.2,5,0,1,1
839,0.2,5,0,1,1
840,3.4,5,0,1,1
841,0.5,5,0,1,1
842,2.7,5,0,1,1
843,2.2,5,0,1,1
844,2.0,5,2,1,1
845,0.7,5,0,1,1
846,1.6,5,2,1,1
847,3.2,5,1,1,1
848,1.1,18,1,1,1
849,1.0,45,0,1,1
850,3.9,10,0,1,1
851,2.9,22,2,1,1
852,0.2,36,0,1,1
853,2.2,21,2,1,1
854,0.6,48,1,1,1
855,4.0,11,0,1,1
856,1.4,31,2,1,1
857,1.9,29,1,1,1
858,1.4,40,1,1,1
859,2.8,29,2,1,1
860,0.5,14,2,1,1
861,2.1,15,2,1,1
862,0.1,30,0,1,1
863,1.9,6,0,1,1
864,3.6,11,2,1,1
865,2.3,46,0,1,1
866,3.7,30,0,1,1
867,0.8,13,2,1,1
868,2.5,5,0,1,1
869,2.1,12,1,1,1
870,2.6,34,1,1,1
871,0.1,9,0,1,1
872,2.7,48,0,1,1
873,1.1,45,0,1,1
874,0.9,8,0,1,1
875,2.7,13,2,1,1
876,0.8,50,2,1,1
877,1.2,40,0,1,1
878,2.9,30,0,1,1
879,1.2,22,2,1,1
880,1.1,11,2,1,1
881,1.5,39,0,1,1
882,1.5,18,0,1,1
883,0.4,13,2,1,1
884,3.4,44,2,1,1
885,2.8,48,1,1,1
886,2.0,7,0,1,1
887,3.4,8,0,1,1
888,3.2,48,0,1,1
889,0.5,36,0,1,1
890,0.7,4,0,1,1
891,3.4,20,2,1,1
892,2.9,27,1,1,1
893,3.3,42,2,1,1
894,3.5,37,2,1,1
895,3.5,3,0,1,1
896,1.0,48,2,1,1
897,1.6,8,0,1,1
898,1.4,18,2,1,1
899,3.5,26,2,1,1
900,2.4,22,0,1,1
901,0.8,42,0,1,1
902,3.0,27,2,1,1
903,4.0,23,2,1,1
904,1.7,12,2,1,1
905,3.4,38,0,1,1
906,0.5,27,2,1,1
907,2.5,37,2,1,1
908,1.8,35,2,1,1
909,3.5,1,0,1,1
910,3.9,39,2,1,1
911,4.0,44,2,1,1
912,1.6,5,1,1,1
913,3.3,5,0,1,1
914,0.7,5,1,1,1
915,1.5,5,2,1,1
916,3.8,5,0,1,1
917,1.3,5,0,1,1
918,0.3,5,1,1,1
919,2.2,5,0,1,1
920,3.4,5,0,1,1
921,3.7,5,0,1,1
922,1.2,5,2,1,1
923,0.6,5,2,1,1
924,3.0,5,0,1,1
925,0.3,5,2,1,1
926,1.6,5,1,1,1
927,0.4,5,0,1,1
928,0.8,5,0,1,1
929,3.5,5,0,1,1
930,2.5,5,2,1,1
931,3.3,5,2,1,1
932,2.6,5,2,1,1
933,3.3,5,2,1,1
934,3.5,5,1,1,1
935,2.8,5,1,1,1
936,0.3,5,0,1,1
937,3.6,5,0,1,1
938,0.6,5,0,1,1
939,2.2,5,0,1,1
940,3.7,5,1,1,1
941,1.4,5,0,1,1
942,1.0,5,1,1,1
943,3.7,5,0,1,1
944,1.4,5,2,1,1
945,3.2,5,0,1,1
946,3.8,5,0,1,1
947,3.4,5,0,1,1
948,3.0,5,2,1,1
949,3.0,5,1,1,1
950,0.9,5,2,1,1
951,1.7,5,0,1,1
952,1.8,5,0,1,1
953,0.2,5,1,1,1
954,0.6,5,2,1,1
955,3.1,5,0,1,1
956,3.6,5,0,1,1
957,2.4,5,0,1,1
958,0.4,5,0,1,1
959,1.7,5,0,1,1
960,0.8,5,0,1,1
961,3.4,5,2,1,1
962,0.2,5,2,1,1
963,2.1,5,2,1,1
964,3.9,5,0,1,1
965,2.4,5,0,1,1
966,2.1,5,2,1,1
967,3.2,5,0,1,1
968,1.1,5,2,1,1
969,3.7,5,0,1,1
970,0.0,5,0,1,1
971,0.3,5,2,1,1
972,1.7,5,0,1,1
973,1.0,5,0,1,1
974,0.2,5,1,1,1
975,1.8,5,1,1,1
976,2.3,5,2,1,1
977,0.4,5,2,1,1
978,2.5,5,2,1,1
979,1.1,5,0,1,1
980,2.4,5,0,1,1
981,3.4,5,2,1,1
982,0.3,5,2,1,1
983,0.5,5,2,1,1
984,3.6,5,0,1,1
985,0.8,5,2,1,1
986,3.0,5,1,1,1
987,0.2,5,0,1,1
988,3.1,5,2,1,1
989,0.1,5,1,1,1
990,3.3,5,0,1,1
991,3.8,5,0,1,1
992,2.8,5,2,1,1
993,3.2,5,2,1,1
994,3.9,5,2,1,1
995,1.5,5,0,1,1
996,0.9,5,0,1,1
997,2.4,5,2,1,1
998,1.4,5,1,1,1
999,3.5,5,0,1,1
1000,1.6,5,0,1,1
1001,2.6,5,0,1,1
1002,3.6,5,2,1,1
1003,3.5,5,0,1,1
1004,0.3,5,0,1,1
1005,2.2,5,1,1,1
1006,0.2,5,2,1,1
1007,1.9,5,2,1,1
1008,3.1,5,2,1,1
1009,1.3,5,1,1,1
1010,3.6,5,1,1,1
1011,0.2,5,0,1,1
1012,0.1,5,1,1,1
1013,2.4,5,2,1,1
1014,2.1,5,2,1,1
1015,3.6,5,0,1,1
1016,3.8,5,0,1,1
1017,1.1,5,2,1,1
1018,0.6,5,1,1,1
1019,1.3,5,0,1,1
1020,0.0,5,0,1,1
1021,0.6,5,1,1,1
1022,4.0,5,0,1,1
1023,1.6,5,0,1,1
1024,0.9,5,2,1,1
1025,4.0,5,2,1,1
1026,1.4,5,2,1,1
1027,3.2,5,2,1,1
1028,2.0,5,2,1,1
1029,2.0,5,0,1,1
1030,2.3,5,1,1,1
1031,1.5,5,0,1,1
1032,3.9,5,2,1,1
1033,3.6,5,2,1,1
1034,1.1,5,0,1,1
1035,1.5,5,1,1,1
1036,1.2,5,2,1,1
1037,2.3,5,2,1,1
1038,0.4,5,2,1,1
1039,3.0,5,2,1,1
1040,3.8,5,0,1,1
1041,2.5,5,2,1,1
1042,1.6,5,2,1,1
1043,1.6,5,2,1,1
1044,1.3,5,1,1,1
1045,3.4,5,0,1,1
1046,2.8,5,0,1,1
1047,2.8,5,2,1,1
1048,2.9,5,2,1,1
1049,2.6,5,2,1,1
1050,1.1,5,2,1,1
1051,3.6,5,2,1,1
1052,2.0,5,2,1,1
1053,1.3,5,2,1,1
1054,3.1,5,1,1,1
1055,2.6,5,1,1,1
1056,0.1,5,2,1,1
1057,1.2,5,2,1,1
1058,0.4,5,0,1,1
1059,1.9,5,0,1,1
1060,0.3,5,0,1,1
1061,0.5,5,2,1,1
1062,2.8,5,0,1,1
1063,2.6,5,2,1,1
1064,0.1,5,0,1,1
1065,3.9,5,0,1,1
1066,0.5,5,0,1,1
1067,1.8,5,0,1,1
1068,0.2,5,2,1,1
1069,2.6,5,0,1,1
1070,2.7,5,2,1,1
1071,1.3,5,0,1,1
1072,3.6,5,0,1,1
1073,2.7,5,1,1,1
1074,1.0,5,0,1,1
1075,3.6,5,1,1,1
1076,0.4,5,2,1,1
1077,0.8,5,0,1,1
1078,0.2,5,1,1,1
1079,1.4,5,2,1,1
1080,2.7,5,0,1,1
1081,0.5,5,1,1,1
1082,0.4,5,1,1,1
1083,3.1,5,0,1,1
1084,1.3,5,0,1,1
1085,0.7,5,2,1,1
1086,0.8,5,0,1,1
1087,3.6,5,0,1,1
1088,2.4,5,0,1,1
1089,1.6,5,2,1,1
1090,1.0,5,2,1,1
1091,0.4,5,0,1,1
1092,1.2,5,0,1,1
1093,0.6,5,0,1,1
1094,2.6,5,1,1,1
1095,3.7,5,1,1,1
1096,2.7,5,0,1,1
1097,1.8,5,1,1,1
1098,3.9,5,0,1,1
1099,3.2,5,0,1,1
1100,1.7,5,0,1,1
1101,3.7,5,0,1,1
1102,0.3,5,2,1,1
1103,2.9,5,0,1,1
1104,0.6,5,0,1,1
1105,1.6,5,0,1,1
1106,0.8,14,0,1,1
1107,3.7,26,0,1,1
1108,3.3,20,2,1,1
1109,3.9,32,2,1,1
1110,0.2,7,0,1,1
1111,2.0,43,0,1,1
1112,1.4,33,1,1,1
1113,2.1,0,2,1,1
1114,2.4,45,0,1,1
1115,2.5,22,2,1,1
1116,2.9,17,2,1,1
1117,3.8,44,1,1,1
1118,0.0,2,0,1,1
1119,2.1,1,0,1,1
1120,0.9,42,0,1,1
1121,0.9,32,2,1,1
1122,2.7,23,0,1,1
1123,2.5,19,2,1,1
1124,3.7,41,2,1,1
1125,2.3,26,0,1,1
1126,1.3,49,0,1,1
1127,2.2,7,0,1,1
1128,3.1,12,2,1,1
1129,3.7,37,2,1,1
1130,2.7,15,0,1,1
1131,3.9,10,0,1,1
1132,2.7,32,0,1,1
1133,1.3,13,1,1,1
1134,0.8,13,0,1,1
1135,0.9,2,0,1,1
1136,0.0,35,2,1,1
1137,0.6,41,1,1,1
1138,1.5,39,2,1,1
1139,3.8,21,2,1,1
1140,0.3,48,0,1,1
1141,0.8,41,0,1,1
1142,0.6,28,1,1,1
1143,0.1,49,0,1,1
1144,3.3,2,0,1,1
1145,2.0,5,0,1,1
1146,0.6,33,2,1,1
1147,2.5,9,0,1,1
1148,1.0,41,0,1,1
1149,2.0,24,0,1,1
1150,0.4,22,2,1,1
1151,0.4,6,0,1,1
1152,1.4,40,0,1,1
1153,0.9,37,0,1,1
1154,0.6,36,2,1,1
1155,2.0,42,1,1,1
1156,1.6,43,2,1,1
1157,2.0,43,2,1,1
1158,2.3,13,2,1,1
1159,1.3,6,0,1,1
1160,1.8,16,1,1,1
1161,2.2,29,2,1,1
1162,1.0,13,2,1,1
1163,0.8,36,0,1,1
1164,2.3,11,2,1,1
1165,3.4,11,1,1,1
1166,3.6,7,0,1,1
1167,0.3,11,2,1,1
1168,2.2,14,0,1,1
1169,4.0,14,0,1,1
1170,1.2,9,0,1,1
1171,3.0,28,2,1,1
1172,3.2,24,0,1,1
1173,3.5,40,1,1,1
1174,3.8,30,0,1,1
1175,0.3,10,0,1,1
1176,3.3,9,0,1,1
1177,1.5,14,2,1,1
1178,0.6,4,0,1,1
1179,3.3,27,1,1,1
1180,1.3,31,2,1,1
1181,3.9,2,0,1,1
1182,0.6,36,1,1,1
1183,3.7,36,0,1,1
1184,0.3,36,2,1,1
1185,2.6,6,0,1,1
1186,0.2,26,2,1,1
1187,1.4,40,2,1,1
1188,0.6,41,2,1,1
1189,1.5,6,0,1,1
1190,3.6,29,2,1,1
1191,3.4,33,2,1,1
1192,2.4,9,0,1,1
1193,0.3,24,0,1,1
1194,2.7,43,0,1,1
1195,3.4,9,0,1,1
1196,0.4,16,0,1,1
1197,3.7,4,0,1,1
1198,1.5,43,2,1,1
1199,2.3,39,0,1,1
1200,1.7,49,0,1,1
1201,1.6,49,1,1,1
1202,1.2,40,0,1,1
1203,3.1,20,2,1,1
1204,3.2,19,2,1,1
1205,1.1,15,0,1,1
1206,0.1,32,0,1,1
1207,1.4,5,0,1,1
1208,0.2,3,0,1,1
1209,2.0,13,2,1,1
1210,1.1,13,2,1,1
1211,3.3,22,0,1,1
1212,2.1,3,0,1,1
1213,3.9,5,0,1,1
1214,1.9,5,1,1,1
1215,2.3,5,2,1,1
1216,1.4,5,0,1,1
1217,0.2,5,2,1,1
1218,1.0,5,1,1,1
1219,3.0,5,2,1,1
1220,2.8,5,0,1,1
1221,1.3,5,2,1,1
1222,3.5,5,0,1,1
1223,1.3,5,2,1,1
1224,1.6,5,0,1,1
1225,3.7,5,2,1,1
1226,1.0,5,1,1,1
1227,3.1,5,0,1,1
1228,2.1,5,0,1,1
1229,0.5,5,0,1,1
1230,1.9,5,0,1,1
1231,4.0,5,0,1,1
1232,1.4,5,1,1,1
1233,1.1,5,0,1,1
1234,3.1,5,0,1,1
1235,3.9,5,0,1,1
1236,0.5,5,2,1,1
1237,0.0,5,0,1,1
1238,2.9,5,2,1,1
1239,0.9,5,2,1,1
1240,3.1,5,2,1,1
1241,0.0,5,0,1,1
1242,2.7,5,0,1,1
1243,3.2,5,0,1,1
1244,0.6,5,0,1,1
1245,0.7,5,0,1,1
1246,3.6,5,2,1,1
1247,1.0,5,1,1,1
1248,3.2,5,1,1,1
1249,0.3,5,2,1,1
1250,2.1,5,2,1,1
1251,2.9,5,0,1,1
1252,2.3,5,0,1,1
1253,2.2,5,0,1,1
1254,3.5,5,0,1,1
1255,1.1,5,0,1,1
1256,1.6,5,0,1,1
1257,3.2,5,2,1,1
1258,1.1,5,0,1,1
1259,2.3,5,0,1,1
1260,0.5,5,0,1,1
1261,1.2,5,0,1,1
1262,1.5,5,2,1,1
1263,1.6,5,1,1,1
1264,2.8,5,0,1,1
1265,0.6,5,2,1,1
1266,2.3,5,0,1,1
1267,3.2,5,0,1,1
1268,3.6,5,0,1,1
1269,3.5,5,1,1,1
1270,1.3,5,0,1,1
1271,1.8,5,2,1,1
1272,3.0,5,0,1,1
1273,3.2,5,2,1,1
1274,2.1,5,2,1,1
1275,1.2,5,0,1,1
1276,0.3,5,2,1,1
1277,3.2,5,0,1,1
1278,1.2,5,0,1,1
1279,1.2,5,2,1,1
1280,3.6,5,0,1,1
1281,3.3,5,0,1,1
1282,1.2,5,2,1,1
1283,1.7,5,0,1,1
1284,3.2,5,0,1,1
1285,1.4,5,0,1,1
1286,4.0,5,2,1,1
1287,1.6,5,0,1,1
1288,1.8,5,1,1,1
1289,1.1,5,0,1,1
1290,3.6,5,0,1,1
1291,1.3,5,0,1,1
1292,1.1,5,2,1,1
1293,0.2,5,0,1,1
1294,3.5,5,0,1,1
1295,2.2,5,0,1,1
1296,1.1,5,2,1,1
1297,2.1,5,0,1,1
1298,3.2,5,2,1,1
1299,1.3,5,2,1,1
1300,3.7,5,2,1,1
1301,2.1,5,2,1,1
1302,0.9,5,2,1,1
1303,0.4,5,0,1,1
1304,3.9,5,1,1,1
1305,0.3,5,1,1,1
1306,0.3,5,2,1,1
1307,3.1,5,0,1,1
1308,2.5,5,0,1,1
1309,0.3,5,0,1,1
1310,3.8,5,2,1,1
1311,1.4,5,0,1,1
1312,1.1,5,0,1,1
1313,1.9,5,2,1,1
1314,2.0,5,1,1,1
1315,1.5,5,0,1,1
1316,0.8,5,0,1,1
1317,0.2,5,2,1,1
1318,3.9,5,2,1,1
1319,0.7,5,2,1,1
1320,0.2,5,0,1,1
1321,0.2,5,0,1,1
1322,0.4,5,2,1,1
1323,1.9,5,0,1,1
1324,3.5,5,0,1,1
1325,3.1,5,0,1,1
1326,0.0,5,2,1,1
1327,2.7,5,2,1,1
1328,2.6,5,0,1,1
1329,1.4,5,0,1,1
1330,1.7,5,1,1,1
1331,3.3,5,0,1,1
1332,3.3,5,0,1,1
1333,1.9,5,0,1,1
1334,2.3,5,0,1,1
1335,2.5,5,0,1,1
1336,1.5,5,2,1,1
1337,0.8,5,2,1,1
1338,3.5,5,2,1,1
1339,3.0,5,2,1,1
1340,3.9,5,1,1,1
1341,1.1,5,0,1,1
1342,1.8,5,2,1,1
1343,1.6,5,0,1,1
1344,0.1,5,0,1,1
1345,2.1,5,0,1,1
1346,1.0,5,0,1,1
1347,2.1,5,0,1,1
1348,2.0,5,0,1,1
1349,1.7,5,2,1,1
1350,2.5,5,2,1,1
1351,3.1,5,2,1,1
1352,0.3,5,0,1,1
1353,0.5,5,0,1,1
1354,0.8,5,1,1,1
1355,0.3,5,0,1,1
1356,3.7,5,0,1,1
1357,3.6,5,2,1,1
1358,0.5,5,0,1,1
1359,1.9,5,0,1,1
1360,1.8,5,2,1,1
1361,3.0,5,2,1,1
1362,0.5,5,0,1,1
1363,2.9,5,0,1,1
1364,0.4,5,0,1,1
1365,3.3,5,2,1,1
1366,1.6,5,0,1,1
1367,0.2,5,0,1,1
1368,3.5,5,2,1,1
1369,1.9,5,1,1,1
1370,1.6,5,2,1,1
1371,3.7,5,2,1,1
1372,1.9,5,2,1,1
1373,2.2,5,0,1,1
1374,0.5,5,2,1,1
1375,1.6,5,2,1,1
1376,2.0,5,0,1,1
1377,2.9,5,2,1,1
1378,3.9,5,0,1,1
1379,1.7,5,0,1,1
1380,1.9,5,2,1,1
1381,1.7,5,0,1,1
1382,0.2,5,2,1,1
1383,3.2,5,1,1,1
1384,2.2,5,0,1,1
1385,1.8,5,0,1,1
1386,1.4,5,2,1,1
1387,0.1,5,0,1,1
1388,2.4,5,0,1,1
1389,2.5,5,1,1,1
1390,3.4,5,0,1,1
1391,2.0,5,0,1,1
1392,2.6,5,0,1,1
1393,3.6,5,0,1,1
1394,0.1,5,0,1,1
1395,1.5,5,0,1,1
1396,3.8,5,2,1,1
1397,2.8,5,0,1,1
1398,2.3,5,1,1,1
1399,2.1,5,0,1,1
1400,1.6,5,0,1,1
1401,1.1,5,2,1,1
1402,0.2,5,2,1,1
1403,3.0,5,1,1,1
1404,1.8,5,0,1,1
1405,1.5,5,2,1,1
1406,2.4,5,0,1,1
1407,1.6,5,2,1,1
1408,2.2,5,0,1,1
1409,3.9,5,1,1,1
1410,2.1,5,0,1,1
1411,3.6,5,1,1,1
1412,1.6,5,2,1,1
1413,3.9,5,0,1,1
1414,3.3,5,2,1,1
1415,0.7,5,0,1,1
1416,1.7,5,2,1,1
1417,1.2,5,1,1,1
1418,0.8,5,0,1,1
1419,0.9,5,2,1,1
1420,2.6,5,1,1,1
1421,1.0,5,2,1,1
1422,2.4,5,2,1,1
1423,1.6,5,2,1,1
1424,1.5,5,0,1,1
1425,2.6,5,0,1,1
1426,2.0,5,2,1,1
1427,1.8,5,0,1,1
1428,2.7,5,2,1,1
1429,3.2,5,0,1,1
1430,0.3,5,0,1,1
1431,2.7,5,2,1,1
1432,1.3,5,2,1,1
1433,4.0,5,0,1,1
1434,1.0,5,2,1,1
1435,2.0,5,2,1,1
1436,2.2,5,2,1,1
1437,0.5,5,1,1,1
1438,1.4,5,0,1,1
1439,0.2,5,2,1,1
1440,2.8,5,0,1,1
1441,1.9,5,0,1,1
1442,3.2,5,2,1,1
1443,2.9,5,1,1,1
1444,3.0,5,0,1,1
1445,2.9,5,2,1,1
1446,0.5,5,1,1,1
1447,2.9,5,2,1,1
1448,3.6,5,0,1,1
1449,0.0,5,2,1,1
1450,3.6,5,2,1,1
1451,2.5,5,1,1,1
1452,1.6,5,0,1,1
1453,3.0,5,2,1,1
1454,2.8,5,1,1,1
1455,1.8,5,0,1,1
1456,3.9,5,2,1,1
1457,2.5,5,0,1,1
1458,1.1,5,0,1,1
1459,0.8,5,2,1,1
1460,2.7,5,0,1,1
1461,2.5,5,1,1,1
1462,2.8,5,0,1,1
1463,2.2,5,0,1,1
1464,3.9,5,0,1,1
1465,2.1,5,0,1,1
1466,1.2,5,0,1,1
1467,3.5,5,1,1,1
1468,2.8,5,2,1,1
1469,3.0,5,0,1,1
1470,3.4,5,0,1,1
1471,1.8,5,0,1,1
1472,3.7,5,0,1,1
1473,0.6,5,0,1,1
1474,0.6,5,0,1,1
1475,2.5,5,1,1,1
1476,0.7,5,2,1,1
1477,2.4,5,0,1,1
1478,2.8,5,0,1,1
1479,3.0,5,2,1,1
1480,0.4,5,0,1,1
1481,2.5,5,0,1,1
1482,2.8,5,2,1,1
1483,0.1,5,2,1,1
1484,0.1,5,2,1,1
1485,2.0,5,0,1,1
1486,0.9,5,2,1,1
1487,0.0,5,0,1,1
1488,0.5,5,1,1,1
1489,0.4,5,1,1,1
1490,2.1,5,2,1,1
1491,2.3,5,0,1,1
1492,3.4,5,2,1,1
1493,0.4,5,2,1,1
1494,1.8,5,1,1,1
1495,3.5,5,2,1,1
1496,2.5,5,0,1,1
1497,0.1,5,1,1,1
1498,1.7,5,2,1,1
1499,0.8,5,0,1,1
1500,0.0,5,2,1,1
1501,3.6,5,0,1,1
1502,0.2,5,0,1,1
1503,3.6,5,0,1,1
1504,1.6,5,0,1,1
1505,1.8,5,0,1,1
1506,3.5,5,2,1,1
1507,3.2,5,0,1,1
1508,2.0,5,2,1,1
1509,0.2,5,0,1,1
1510,1.6,5,1,1,1
1511,0.3,5,1,1,1
1512,3.1,5,0,1,1
1513,0.5,5,2,1,1
1514,2.6,5,2,1,1
1515,0.6,5,2,1,1
1516,0.3,5,0,1,1
1517,2.1,5,0,1,1
1518,1.9,5,1,1,1
1519,0.1,5,2,1,1
1520,3.0,5,0,1,1
1521,0.8,5,2,1,1
1522,1.8,5,0,1,1
1523,0.9,5,0,1,1
1524,1.8,5,2,1,1
1525,2.7,5,0,1,1
1526,1.0,5,0,1,1
1527,1.8,5,0,1,1
1528,2.5,5,2,1,1
1529,3.4,5,2,1,1
1530,0.9,5,0,1,1
1531,2.6,5,2,1,1
1532,3.4,5,2,1,1
1533,1.1,5,0,1,1
1534,0.1,5,0,1,1
1535,0.7,5,1,1,1
1536,0.9,5,2,1,1
1537,1.0,5,0,1,1
1538,2.3,5,2,1,1
1539,2.7,5,0,1,1
1540,1.9,5,2,1,1
1541,0.4,5,2,1,1
1542,3.9,5,2,1,1
1543,0.8,5,1,1,1
1544,2.4,5,0,1,1
1545,3.1,5,0,1,1
1546,1.0,5,0,1,1
1547,2.5,5,0,1,1
1548,2.4,5,0,1,1
1549,0.3,5,0,1,1
1550,2.8,5,1,1,1
1551,0.1,5,0,1,1
1552,3.3,5,0,1,1
1553,0.7,5,0,1,1
1554,0.5,5,0,1,1
1555,1.5,5,0,1,1
1556,3.2,5,0,1,1
1557,1.2,5,0,1,1
1558,3.7,5,2,1,1
1559,1.6,5,0,1,1
1560,1.2,5,0,1,1
1561,1.6,5,2,1,1
1562,0.2,5,1,1,1
1563,3.0,5,0,1,1
1564,1.3,5,2,1,1
1565,0.8,5,0,1,1
1566,0.5,5,2,1,1
1567,1.8,5,2,1,1
1568,3.2,5,0,1,1
1569,2.7,5,0,1,1
1570,2.4,5,2,1,1
1571,3.9,5,0,1,1
1572,3.9,5,2,1,1
1573,0.7,5,1,1,1
1574,2.8,5,0,1,1
1575,2.4,5,1,1,1
1576,0.1,5,2,1,1
1577,1.3,5,0,1,1
1578,2.0,5,1,1,1
1579,0.8,5,1,1,1
1580,3.3,5,1,1,1
1581,0.9,5,0,1,1
1582,2.0,5,2,1,1
1583,2.4,5,1,1,1
1584,2.0,5,0,1,1
1585,1.8,5,0,1,1
1586,2.5,5,0,1,1
1587,1.8,5,0,1,1
1588,2.2,5,0,1,1
1589,3.0,5,0,1,1
1590,0.2,5,0,1,1
1591,1.3,5,2,1,1
1592,1.8,5,2,1,1
1593,3.2,5,2,1,1
1594,3.0,5,2,1,1
1595,0.9,5,1,1,1
1596,3.4,5,0,1,1
1597,1.3,5,0,1,1
1598,2.9,5,0,1,1
1599,1.8,5,2,1,1
1600,2.2,5,2,1,1
1601,1.0,5,1,1,1
1602,1.8,5,0,1,1
1603,2.3,5,0,1,1
1604,0.0,5,0,1,1
1605,3.9,5,1,1,1
1606,3.4,5,1,1,1
1607,0.1,33,2,1,1
1608,1.7,10,0,1,1
1609,3.4,7,0,1,1
1610,1.8,48,0,1,1
1611,1.5,49,0,1,1
1612,1.0,23,0,1,1
1613,0.1,12,2,1,1
1614,2.8,5,0,1,1
1615,3.8,1,0,1,1
1616,2.1,13,1,1,1
1617,0.5,24,0,1,1
1618,1.3,22,1,1,1
1619,3.9,5,0,1,1
1620,2.6,37,1,1,1
1621,1.0,49,2,1,1
1622,1.7,9,0,1,1
1623,0.1,23,2,1,1
1624,0.1,29,0,1,1
1625,1.3,8,0,1,1
1626,2.7,41,2,1,1
1627,2.1,41,2,1,1
1628,0.4,5,0,1,1
1629,2.7,5,0,1,1
1630,3.6,5,1,1,1
1631,2.2,5,2,1,1
1632,1.6,5,2,1,1
1633,0.3,5,0,1,1
1634,3.1,5,2,1,1
1635,1.9,5,2,1,1
1636,0.0,5,0,1,1
1637,2.2,5,0,1,1
1638,2.9,5,2,1,1
1639,1.6,5,2,1,1
1640,3.6,5,2,1,1
1641,3.8,5,2,1,1
1642,2.4,5,1,1,1
1643,2.7,5,2,1,1
1644,3.2,5,2,1,1
1645,2.4,5,2,1,1
1646,1.8,5,2,1,1
1647,0.9,5,0,1,1
1648,1.8,5,2,1,1
1649,3.5,5,1,1,1
1650,2.2,5,2,1,1
1651,3.2,5,2,1,1
1652,1.3,5,0,1,1
1653,0.6,5,0,1,1
1654,2.3,5,2,1,1
1655,0.8,5,2,1,1
1656,2.4,5,0,1,1
1657,3.3,5,0,1,1
1658,2.0,5,0,1,1
1659,1.2,5,0,1,1
1660,2.0,5,0,1,1
1661,1.6,5,2,1,1
1662,1.1,5,0,1,1
1663,1.8,5,2,1,1
1664,2.4,5,1,1,1
1665,0.2,5,2,1,1
1666,0.7,5,2,1,1
1667,1.3,5,2,1,1
1668,3.2,5,1,1,1
1669,0.7,5,2,1,1
1670,0.5,5,0,1,1
1671,1.4,5,0,1,1
1672,1.9,5,2,1,1
1673,2.7,5,1,1,1
1674,1.6,5,0,1,1
1675,1.9,5,1,1,1
1676,3.4,5,0,1,1
1677,0.5,5,1,1,1
1678,2.8,5,0,1,1
1679,1.4,5,0,1,1
1680,1.3,5,0,1,1
1681,1.6,5,2,1,1
1682,0.2,5,0,1,1
1683,3.5,5,0,1,1
1684,0.2,5,2,1,1
1685,2.8,5,1,1,1
1686,3.3,5,2,1,1
1687,2.8,5,1,1,1
1688,0.5,5,0,1,1
1689,0.5,5,0,1,1
1690,1.8,5,0,1,1
1691,2.8,5,0,1,1
1692,3.3,5,2,1,1
1693,0.6,5,1,1,1
1694,3.0,5,0,1,1
1695,2.5,5,0,1,1
1696,0.9,5,0,1,1
1697,3.3,5,2,1,1
1698,3.3,5,0,1,1
1699,0.7,5,0,1,1
1700,2.7,51,1,1,1
1701,3.6,5,1,1,1
1702,3.7,5,0,1,1
1703,3.7,5,0,1,1
1704,2.3,5,1,1,1
1705,3.4,5,0,1,1
1706,0.0,5,2,1,1
1707,2.9,5,2,1,1
1708,0.3,5,2,1,1
1709,2.9,5,2,1,1
1710,2.2,5,0,1,1
1711,3.8,5,2,1,1
1712,1.9,5,2,1,1
1713,3.9,5,0,1,1
1714,1.7,5,0,1,1
1715,2.3,5,2,1,1
1716,0.2,5,1,1,1
1717,3.3,5,0,1,1
1718,1.2,5,2,1,1
1719,0.5,5,2,1,1
1720,3.3,5,2,1,1
1721,3.4,5,1,1,1
1722,1.0,5,0,1,1
1723,2.3,5,2,1,1
1724,1.3,5,1,1,1
1725,0.9,5,0,1,1
1726,1.9,5,2,1,1
1727,0.5,5,1,1,1
1728,3.0,5,2,1,1
1729,0.8,5,0,1,1
1730,0.6,5,2,1,1
1731,2.4,5,2,1,1
1732,3.5,5,2,1,1
1733,1.5,5,0,1,1
1734,1.2,5,0,1,1
1735,2.9,5,2,1,1
1736,1.9,5,2,1,1
1737,3.4,5,0,1,1
1738,3.8,5,2,1,1
1739,3.8,5,0,1,1
1740,2.2,5,0,1,1
1741,2.5,5,2,1,1
1742,1.6,5,0,1,1
1743,2.2,5,2,1,1
1744,0.5,5,1,1,1
1745,1.6,5,0,1,1
1746,3.3,44,0,1,1
1747,1.1,5,2,1,1
1748,3.2,5,2,1,1
1749,1.6,5,0,1,1
1750,0.0,5,0,1,1
1751,0.1,48,0,1,1
1752,1.8,31,0,1,1
1753,0.3,5,0,1,1
1754,3.8,4,0,1,1
1755,1.3,28,1,1,1
1756,1.1,46,2,1,1
1757,3.6,20,2,1,1
1758,1.8,5,0,1,1
1759,0.4,5,1,1,1
1760,2.8,5,0,1,1
1761,1.8,5,2,1,1
1762,1.2,40,2,1,1
1763,0.7,40,2,1,1
1764,2.5,42,0,1,1
1765,1.1,8,0,1,1
1766,1.5,37,0,1,1
1767,2.2,2,0,1,1
1768,0.4,43,0,1,1
1769,3.3,21,0,1,1
1770,2.3,48,2,1,1
1771,3.2,48,0,1,1
1772,2.0,38,0,1,1
1773,2.9,9,0,1,1
1774,1.5,29,0,1,1
1775,1.5,33,0,1,1
1776,1.7,10,0,1,1
1777,0.8,18,0,1,1
1778,2.9,20,2,1,1
1779,3.9,17,0,1,1
1780,3.0,4,0,1,1
1781,3.5,34,0,1,1
1782,0.8,5,0,1,1
1783,0.7,44,0,1,1
1784,0.8,15,2,1,1
1785,3.2,41,2,1,1
1786,3.5,5,0,1,1
1787,1.6,45,0,1,1
1788,3.5,47,2,1,1
1789,2.2,48,2,1,1
1790,0.0,1,0,1,1
1791,0.1,35,2,1,1
1792,1.6,13,1,1,1
1793,2.0,9,0,1,1
1794,0.3,31,2,1,1
1795,2.1,47,2,1,1
1796,3.1,15,0,1,1
1797,3.3,42,2,1,1
1798,1.2,37,2,1,1
1799,2.9,10,0,1,1
1800,0.2,50,2,1,1
1801,1.3,23,2,1,1
1802,1.0,20,0,1,1
1803,1.4,35,0,1,1
1804,3.8,47,0,1,1
1805,1.4,24,2,1,1
1806,3.3,50,0,1,1
1807,0.4,7,0,1,1
1808,2.5,1,0,1,1
1809,1.5,26,1,1,1
1810,1.9,26,0,1,1
1811,0.9,27,0,1,1
1812,1.9,5,0,1,1
1813,0.6,28,2,1,1
1814,0.8,24,0,1,1
1815,1.6,17,2,1,1
1816,1.8,46,1,1,1
1817,3.8,5,0,1,1
1818,1.8,33,2,1,1
1819,2.4,10,0,1,1
1820,0.4,8,0,1,1
1821,3.8,7,0,1,1
1822,3.3,6,0,1,1
1823,2.3,43,0,1,1
1824,1.4,32,2,1,1
1825,3.3,21,2,1,1
1826,3.0,4,0,1,1
1827,2.2,8,0,1,1
1828,3.2,27,2,1,1
1829,1.6,14,0,1,1
1830,1.6,2,0,1,1
1831,0.2,34,1,1,1
1832,2.9,36,2,1,1
1833,0.4,50,0,1,1
1834,0.8,23,0,1,1
1835,3.0,20,2,1,1
1836,1.5,9,0,1,1
1837,2.7,15,1,1,1
1838,2.0,17,2,1,1
1839,2.7,40,2,1,1
1840,0.6,13,2,1,1
1841,2.3,48,2,1,1
1842,1.0,14,2,1,1
1843,3.0,3,0,1,1
1844,2.8,20,2,1,1
1845,2.3,48,2,1,1
1846,0.1,17,2,1,1
1847,1.8,15,2,1,1
1848,1.8,21,0,1,1
1849,2.2,13,2,1,1
1850,0.9,37,0,1,1
1851,0.7,1,0,1,1
1852,3.4,14,1,1,1
1853,2.0,12,2,1,1
1854,1.8,37,0,1,1
1855,3.9,42,1,1,1
1856,3.0,24,1,1,1
1857,2.4,35,0,1,1
1858,0.1,44,1,1,1
1859,2.8,41,2,1,1
1860,3.1,12,2,1,1
1861,4.0,11,2,1,1
1862,3.0,50,0,1,1
1863,1.4,10,0,1,1
1864,4.0,21,2,1,1
1865,1.6,36,2,1,1
1866,0.8,26,1,1,1
1867,2.1,2,0,1,1
1868,2.6,22,0,1,1
1869,0.8,8,0,1,1
1870,2.5,50,0,1,1
1871,3.3,14,1,1,1
1872,1.8,19,2,1,1
1873,3.0,35,0,1,1
1874,2.1,40,2,1,1
1875,3.6,9,0,1,1
1876,3.2,44,0,1,1
1877,2.8,7,0,1,1
1878,2.0,33,2,1,1
1879,2.3,44,1,1,1
1880,0.6,43,2,1,1
1881,3.2,36,0,1,1
1882,0.7,15,0,1,1
1883,0.8,31,2,1,1
1884,2.2,22,0,1,1
1885,3.7,4,0,1,1
1886,1.2,37,1,1,1
1887,2.9,5,0,1,1
1888,0.2,5,0,1,1
1889,2.2,5,1,1,1
1890,2.4,5,1,1,1
1891,0.8,5,0,1,1
1892,2.5,5,2,1,1
1893,4.0,5,2,1,1
1894,2.7,5,2,1,1
1895,0.2,5,0,1,1
1896,1.1,5,2,1,1
1897,2.7,5,2,1,1
1898,3.0,5,0,1,1
1899,2.3,5,2,1,1
1900,0.4,5,0,1,1
1901,3.9,5,1,1,1
1902,3.3,5,2,1,1
1903,2.4,5,2,1,1
1904,1.2,5,0,1,1
1905,1.3,5,2,1,1
1906,1.3,5,0,1,1
1907,3.5,5,0,1,1
1908,2.9,5,0,1,1
1909,0.1,5,0,1,1
1910,0.1,5,1,1,1
1911,0.6,5,0,1,1
1912,3.9,5,1,1,1
1913,1.4,5,0,1,1
1914,0.6,5,0,1,1
1915,2.5,5,0,1,1
1916,1.6,5,0,1,1
1917,3.1,5,2,1,1
1918,2.6,5,1,1,1
1919,3.6,5,2,1,1
1920,1.1,5,0,1,1
1921,3.9,5,1,1,1
1922,2.4,5,1,1,1
1923,0.9,5,0,1,1
1924,1.5,5,0,1,1
1925,0.7,5,2,1,1
1926,2.0,5,2,1,1
1927,0.1,5,2,1,1
1928,3.0,5,0,1,1
1929,2.9,5,0,1,1
1930,2.7,5,2,1,1
1931,1.8,5,0,1,1
1932,2.2,5,0,1,1
1933,1.6,5,0,1,1
1934,1.6,5,0,1,1
1935,0.2,5,2,1,1
1936,3.3,5,0,1,1
1937,1.6,5,2,1,1
1938,1.8,5,2,1,1
1939,1.0,5,0,1,1
1940,2.9,5,0,1,1
1941,1.5,5,2,1,1
1942,1.2,5,0,1,1
1943,3.7,5,2,1,1
1944,0.7,5,2,1,1
1945,0.8,5,1,1,1
1946,1.3,5,0,1,1
1947,3.1,5,0,1,1
1948,2.9,5,0,1,1
1949,2.2,5,1,1,1
1950,1.3,5,2,1,1
1951,2.3,5,0,1,1
1952,0.9,5,2,1,1
1953,3.9,5,0,1,1
1954,1.6,5,1,1,1
1955,2.0,5,2,1,1
1956,3.8,5,0,1,1
1957,1.6,5,2,1,1
1958,0.4,5,0,1,1
1959,3.3,5,0,1,1
1960,3.3,5,0,1,1
1961,0.4,5,2,1,1
1962,2.7,5,2,1,1
1963,1.4,5,0,1,1
1964,0.9,5,0,1,1
1965,1.1,5,0,1,1
1966,0.9,5,2,1,1
1967,1.0,5,2,1,1
1968,0.9,5,2,1,1
1969,2.3,5,0,1,1
1970,1.7,5,2,1,1
1971,2.3,5,0,1,1
1972,3.7,5,2,1,1
1973,2.8,5,0,1,1
1974,1.5,5,0,1,1
1975,3.6,5,0,1,1
1976,2.4,5,2,1,1
1977,1.9,5,2,1,1
1978,3.1,5,0,1,1
1979,3.4,5,2,1,1
1980,2.2,5,0,1,1
1981,2.6,5,2,1,1
1982,0.8,5,1,1,1
1983,2.4,5,2,1,1
1984,1.2,5,2,1,1
1985,0.3,5,0,1,1
1986,1.3,5,2,1,1
1987,3.4,5,0,1,1
1988,1.5,5,0,1,1
1989,1.4,5,2,1,1
1990,2.7,5,2,1,1
1991,3.8,5,0,1,1
1992,1.5,5,0,1,1
1993,2.1,5,2,1,1
1994,1.4,5,2,1,1
1995,3.4,5,2,1,1
1996,0.2,5,2,1,1
1997,2.8,5,2,1,1
1998,0.0,5,2,1,1
1999,0.7,27,0,1,1
2000,1.7,24,0,1,1
